{"max_lots": 1, "hourly_rate": 0.0, "min_rate": 0.0, "manager_mail": "", "max_minutes": 1, "lots": {}, "log": [{"plate": "12345", "entryTime": 1655178360.022162, "payTime": 1655178361.022162, "exitTime": 1655178388.1847506, "billing": null, "lotID": 1}]}