{"max_lots": 1, "hourly_rate": 1000.0, "min_rate": 250.0, "manager_mail": "", "max_minutes": 1, "lots": {"1": {"plate": "1234", "entryTime": 1655515450.8336437, "payTime": 1655675903.2262816, "exitTime": null, "billing": 44000.0, "lotID": 1}}, "log": [{"plate": "12345", "entryTime": 1655178360.022162, "payTime": 1655178361.022162, "exitTime": 1655178388.1847506, "billing": 1000.0, "lotID": 1}, {"plate": "123456", "entryTime": 1655432464.3066206, "payTime": 1655511525.9117515, "exitTime": 1655511601.7158897, "billing": 21000.0, "lotID": 1}, {"plate": "123456", "entryTime": 1655511601.7158897, "payTime": 1655511621.1704133, "exitTime": 1655511633.5187156, "billing": 250.0, "lotID": 1}, {"plate": "1234", "entryTime": 1655514904.525174, "payTime": 1655515374.6266737, "exitTime": 1655515450.8336437, "billing": 250.0, "lotID": 1}]}